No,Unit,Question,CorrectAnswer,Image,Explanation
1,p.11,企業の組織で働くそれぞれの人に割りあてられた仕事。,職務,,組織の中で個人が担当する役割や仕事の内容のことです。職務を明確にすることで責任の所在がはっきりします。
2,p.11,(1)を分担する組織上の地位。,職位,,職務を担当するための組織上の立場・ポジションのことです。部長・課長・係長などが職位の例です。
3,p.11,企業経営の基本的な方針を決定し、経営責任を持つ層。,経営者層,,会社の方向性・戦略を決定する最上位の層です。取締役・社長などが該当し、全体の経営責任を負います。
4,p.11,基本的な方針を具体化する行動計画を立て、従業員の仕事の進め方を把握し、評価する層。,管理者層,,経営者層と一般従業員の中間に位置し、部門目標の達成に向けてチームをまとめる層です。部長・課長などが該当します。
5,p.11,仕入、製造、販売などの機能や職能などで構成される組織。,職能別組織,,専門機能ごとに部門を分けた組織形態です。同じ専門知識を持つ人が集まるため効率的ですが、部門間の連携が課題になりやすいです。
6,p.11,製品ごと、事業ごと、地域ごとなどに部門化して、それぞれの部門の事業を行う組織。,事業部制組織,,製品・地域・顧客などを軸に独立した部門を設ける組織形態です。各事業部が自律的に動けるため意思決定が速い反面、部門間の重複が生じやすいです。
7,p.11,部下が常に一人の上司から指示・命令を受けるようにする原則。,命令系統一元化の原則,,複数の上司から異なる指示が来ると混乱が生じるため、指示系統を一本化することで組織の秩序を保つ原則です。
8,p.11,職務を遂行する場合の権限の範囲はその職務に見合ったものにし、組織で働く人々はその権限に見合った責任を負わなければならないという原則。,権限と責任一致の原則,,権限だけ大きくて責任が小さい、あるいはその逆では組織が機能しません。権限と責任のバランスをそろえることが重要です。
9,p.11,一人の上司が有効に管理・統制できる適正な人数の部下を持つようにする原則。,統制の範囲の原則,,上司が管理できる部下の人数には限界があります。適切な人数（スパン・オブ・コントロール）を設定することで組織の効率が上がります。
10,p.11,情報を収集・分析し、さまざまな案のなかから最適な案を選択する行為。,意思決定,,目標達成のために複数の選択肢を比較・検討し、最善の行動を選ぶプロセスです。経営者から現場まで、組織のあらゆる場面で行われます。
11,p.11,株式会社の最高の意思決定機関。,株主総会,,株主が集まり、会社の重要事項（役員選任・決算承認など）を決定する会議です。株主は出資額に応じた議決権を持ちます。
12,p.11,企業の根幹にかかわるような複雑な課題や非日常的な課題に対して行う意思決定。,非定型的な意思決定,,前例がなく、手順が決まっていない問題に対する判断です。経営戦略の策定や新規事業の立ち上げなどが該当します。
13,p.11,発案者が作成した文書を関係者に回覧して、それぞれの承認を求める手続き。,稟議,,日本の企業で広く使われる意思決定の方式です。起案者が文書を作成し、上位の承認者へ順に回して決裁を得ます。
14,p.11,計画・実行・評価・改善の4つのプロセスを順に実施する手法。,PDCAサイクル,,Plan（計画）→Do（実行）→Check（評価）→Action（改善）の4段階を繰り返すことで業務の質を継続的に高める管理手法です。
15,p.11,社会生活を送るうえで守るべき考え方、良心。,倫理観,,善悪・正誤を判断する基準となる価値観です。企業では法律を守るだけでなく、社会的に正しい行動をとるための基盤となります。
16,p.11,企業で働くうえでのルールや労働条件を定めた規則のこと。,就業規則,,勤務時間・賃金・休暇・服務規律などを定めた職場のルールブックです。常時10人以上の労働者を雇用する事業場では作成・届出が義務付けられています。
17,p.11,自身の体調や時間を適切に管理すること。,自己管理,,健康管理・スケジュール管理・感情管理など、自分自身をコントロールする能力です。社会人として信頼を得るための基本的なスキルです。
18,p.11,特定の個人を識別できる情報のこと。,個人情報,,氏名・住所・電話番号・生年月日など、特定の個人を識別できるすべての情報を指します。個人情報保護法により適切な取り扱いが義務付けられています。
19,p.11,立場が違っても、誰もが自分の考えや気持ちを安心して発言できる状態。,心理的安全性,,チームメンバーが失敗や批判を恐れず意見を言える環境のことです。Googleの研究でも、チームの生産性を高める最も重要な要素として挙げられています。
20,p.11,顧客が商品やサービス、ブランドや会社に対して感じる信頼や愛着のこと。,顧客ロイヤルティ,,顧客が繰り返し購入したり他者に推薦したりするほど企業・ブランドを信頼・愛着している度合いのことです。顧客満足度より深い関係性を示します。
21,p.31,同僚や親しい間柄の人に対するお辞儀。上体を約15°傾ける。,会釈,,軽い挨拶や廊下ですれ違うときなど、日常的な場面で使う最も軽いお辞儀です。目が合ったときに軽く頭を下げる動作が該当します。
22,p.31,受付や一般的な場面でのお辞儀。上体を約30°傾ける。,普通礼（敬礼）,,ビジネスの場で最もよく使う標準的なお辞儀です。お客様の来訪・見送り、上司への挨拶など幅広い場面で活用されます。
23,p.31,深い感謝やおわび、見送りなどに用いる非常に丁寧なお辞儀。上体を45°傾ける。,最敬礼,,3種類のお辞儀の中で最も深いお辞儀です。深いお詫びや最上級の敬意を示すときに使います。
24,p.31,Time:時間、Place:場所、Occasion:場合の頭文字をとった略語。,TPO,,時間・場所・場合に合わせた服装・言葉遣い・行動をとることの大切さを表す言葉です。ビジネスマナーの基本として広く使われます。
25,p.31,外見や立ち居振る舞いで決まる初対面の印象。,第一印象,,初めて会った瞬間に形成される印象です。メラビアンの法則では視覚情報（見た目・表情）が55%を占めるとされ、清潔感ある身だしなみが特に重要です。
26,p.31,椅子にかけるときや椅子から立つときに、3段階で動くと美しく見える足の運び方。,スリーステップ,,①足をそろえて椅子の横に立つ②片足を後ろに引く③静かに腰を下ろす、という3段階の動作で、スマートな所作を見せることができます。
27,p.31,相手を高めることで敬意を表す。相手の動作などに対して使う。,尊敬語,,相手や話題の人物の動作・状態を高めて表現する敬語です。「いらっしゃる」「おっしゃる」「召し上がる」などが代表例です。
28,p.31,自分がへりくだることで相手を高め敬意を表す。自分や身内の動作などに対して使う。,謙譲語,,自分や自分側の動作をへりくだって表現することで相手を立てる敬語です。「参る」「申す」「いただく」などが代表例です。
29,p.31,語尾に「です」「ます」をつけて相手に敬意を表す。丁寧に言うときに使う。,丁寧語,,話し相手に対して丁寧な印象を与えるための敬語です。「です」「ます」「ございます」などを使い、日常会話からビジネスまで幅広く活用されます。
30,p.31,食べ物や物事に「お」「ご」をつけて美化し、会話や文章の品格を高め丁寧な印象にする表現。,美化語,,「お茶」「お菓子」「ご飯」など、言葉に「お」「ご」を付けることで上品・丁寧な表現にする言い方です。尊敬語・謙譲語とは異なり、特定の相手に向けたものではありません。
31,p.31,一つの語について、同じ種類の敬語を二重に使った過剰な敬語表現。,二重敬語,,「おっしゃられる」（「おっしゃる」と「られる」の二重使用）など、一つの語に同種の敬語を重ねた誤った使い方です。丁寧すぎて不自然に聞こえるため避けましょう。
32,p.31,前置きに使うと相手に柔らかな印象を与える言い回し。,クッション言葉,,「恐れ入りますが」「よろしければ」「差し支えなければ」など、依頼・断り・指摘をする前に添える言葉です。相手への配慮を示し、会話をスムーズにします。
33,p.31,人に会うときに、電話やメールなどで約束を取りつけること。訪問予約ともいう。,アポイント,,事前に日時・場所・目的を相手に連絡して訪問の了解を得ることです。アポなしの突然の訪問は相手に迷惑をかけるため、ビジネスマナーとして必須です。
34,p.31,数人分のお茶を入れるときにお茶の濃さが均等になるように、それぞれの茶碗に少しずつ順番にそそいで入れること。,戻りつぎ,,急須から複数の湯飲みに順番に少しずつ注ぎ、また最初の湯飲みに戻って注ぐことを繰り返す注ぎ方です。全員に均一の濃さのお茶を提供できます。
35,p.31,来客にお茶を出すときに茶碗を載せる受け皿。,茶托,,湯飲み茶碗の下に置く木製や漆塗りの受け皿です。熱さで机が傷むのを防ぎ、見た目にも丁寧な印象を与えます。
36,p.31,コップの水滴がテーブルにつかないようにするためのコップ敷き。,コースター,,飲み物を入れたグラスやカップの底に敷くものです。結露によるテーブルの水濡れを防ぐとともに、接客時の丁寧な印象にもつながります。
37,p.31,電話対応で、担当者が不在の場合に先方が話した内容を書くメモ。,伝言メモ,,電話を受けた際、担当者が不在のとき相手の名前・用件・連絡先・折り返しの有無などを記録して担当者に渡すメモです。5W1Hを意識して正確に書くことが大切です。
38,p.31,応接室などで座る場所の順番。,席次,,来客・会議・乗り物など場面ごとに決まっている座席の優先順位のことです。目上の人や来客が上座に座るのが基本マナーです。
39,p.31,応接室などで来客や目上の人が座る席。上席ともいう。,上座,,出入口から遠い奥の席が上座にあたります。来客・役職が高い人・年長者を上座に案内するのがビジネスマナーの基本です。
40,p.31,応接室などで応対する側や目下の人が座る席。末席ともいう。,下座,,出入口に近い席が下座にあたります。接待する側・役職が低い人・年少者が下座に座り、来客のサポートをしやすい位置を確保します。
